{
  "commit_message_qa_0.1": {
    "Fusion": {
      "setsize_correct": 2.264705882352941,
      "setsize_incorrect": 2.169230769230769
    },
    "HyDE": {
      "setsize_correct": 2.5588235294117645,
      "setsize_incorrect": 2.330769230769231
    },
    "RAPTOR": {
      "setsize_correct": 2.823529411764706,
      "setsize_incorrect": 2.669230769230769
    },
    "RAT": {
      "setsize_correct": 4.588235294117647,
      "setsize_incorrect": 4.438461538461539
    },
    "REPLUG": {
      "setsize_correct": 4.323529411764706,
      "setsize_incorrect": 4.707692307692308
    },
    "Self-RAG": {
      "setsize_correct": 3.0,
      "setsize_incorrect": 2.476923076923077
    },
    "Naive": {
      "setsize_correct": 2.588235294117647,
      "setsize_incorrect": 2.423076923076923
    },
    "LLM-Only": {
      "setsize_correct": 4.823529411764706,
      "setsize_incorrect": 4.592307692307692
    }
  },
  "crag_task_1_and_2_mcqa_0.1": {
    "Fusion": {
      "setsize_correct": 2.176656151419558,
      "setsize_incorrect": 2.6203883495145632
    },
    "HyDE": {
      "setsize_correct": 2.2389589905362777,
      "setsize_incorrect": 2.6339805825242717
    },
    "RAPTOR": {
      "setsize_correct": 2.1119873817034702,
      "setsize_incorrect": 2.574757281553398
    },
    "RAT": {
      "setsize_correct": 2.3162460567823344,
      "setsize_incorrect": 2.733980582524272
    },
    "REPLUG": {
      "setsize_correct": 3.6900630914826498,
      "setsize_incorrect": 3.7601941747572813
    },
    "Self-RAG": {
      "setsize_correct": 2.3099369085173502,
      "setsize_incorrect": 2.767961165048544
    },
    "Naive": {
      "setsize_correct": 2.076498422712934,
      "setsize_incorrect": 2.549514563106796
    },
    "LLM-Only": {
      "setsize_correct": 2.2878548895899056,
      "setsize_incorrect": 3.007766990291262
    }
  },
  "crag_task_1_and_2_mcqa_example_0.1": {
    "Fusion": {
      "setsize_correct": 2.0,
      "setsize_incorrect": 2.0
    },
    "HyDE": {
      "setsize_correct": 1.5,
      "setsize_incorrect": 1.5
    },
    "RAPTOR": {
      "setsize_correct": 1.5,
      "setsize_incorrect": 1.5
    },
    "RAT": {
      "setsize_correct": 2.0,
      "setsize_incorrect": 2.5
    },
    "REPLUG": {
      "setsize_correct": 2.5,
      "setsize_incorrect": 3.0
    },
    "Self-RAG": {
      "setsize_correct": 2.5,
      "setsize_incorrect": 2.5
    },
    "Naive": {
      "setsize_correct": 1.5,
      "setsize_incorrect": 1.5
    },
    "LLM-Only": {
      "setsize_correct": 1.0,
      "setsize_incorrect": 2.0
    }
  },
  "crag_task_1_and_2_mcqa_tiny_0.1": {
    "Fusion": {
      "setsize_correct": 2.2857142857142856,
      "setsize_incorrect": 2.6733870967741935
    },
    "HyDE": {
      "setsize_correct": 2.3412698412698414,
      "setsize_incorrect": 2.7661290322580645
    },
    "RAPTOR": {
      "setsize_correct": 2.2301587301587302,
      "setsize_incorrect": 2.6411290322580645
    },
    "RAT": {
      "setsize_correct": 2.734126984126984,
      "setsize_incorrect": 3.0
    },
    "REPLUG": {
      "setsize_correct": 3.5793650793650795,
      "setsize_incorrect": 3.6975806451612905
    },
    "Self-RAG": {
      "setsize_correct": 2.3373015873015874,
      "setsize_incorrect": 2.75
    },
    "Naive": {
      "setsize_correct": 2.2182539682539684,
      "setsize_incorrect": 2.649193548387097
    },
    "LLM-Only": {
      "setsize_correct": 2.3293650793650795,
      "setsize_incorrect": 2.875
    }
  },
  "dialfact_0.1": {
    "Fusion": {
      "setsize_correct": 1.897186147186147,
      "setsize_incorrect": 2.08271375464684
    },
    "HyDE": {
      "setsize_correct": 1.882034632034632,
      "setsize_incorrect": 2.04182156133829
    },
    "RAPTOR": {
      "setsize_correct": 1.9642857142857142,
      "setsize_incorrect": 2.12453531598513
    },
    "RAT": {
      "setsize_correct": 2.1872294372294374,
      "setsize_incorrect": 2.2518587360594795
    },
    "REPLUG": {
      "setsize_correct": 2.7337662337662336,
      "setsize_incorrect": 2.646840148698885
    },
    "Self-RAG": {
      "setsize_correct": 1.9653679653679654,
      "setsize_incorrect": 2.119888475836431
    },
    "Naive": {
      "setsize_correct": 1.9664502164502164,
      "setsize_incorrect": 2.1273234200743496
    },
    "LLM-Only": {
      "setsize_correct": 2.470779220779221,
      "setsize_incorrect": 2.616171003717472
    }
  },
  "dialfact_wrong_context_0.1": {
    "Fusion": {
      "setsize_correct": 2.702247191011236,
      "setsize_incorrect": 2.644144144144144
    },
    "HyDE": {
      "setsize_correct": 2.6235955056179776,
      "setsize_incorrect": 2.6531531531531534
    },
    "RAPTOR": {
      "setsize_correct": 2.449438202247191,
      "setsize_incorrect": 2.527027027027027
    },
    "RAT": {
      "setsize_correct": 2.6853932584269664,
      "setsize_incorrect": 2.7567567567567566
    },
    "REPLUG": {
      "setsize_correct": 2.7808988764044944,
      "setsize_incorrect": 2.7927927927927927
    },
    "Self-RAG": {
      "setsize_correct": 2.606741573033708,
      "setsize_incorrect": 2.635135135135135
    },
    "Naive": {
      "setsize_correct": 2.449438202247191,
      "setsize_incorrect": 2.527027027027027
    },
    "LLM-Only": {
      "setsize_correct": 2.4775280898876404,
      "setsize_incorrect": 2.554054054054054
    }
  },
  "healthver_mcqa_0.1": {
    "Fusion": {
      "setsize_correct": 2.595959595959596,
      "setsize_incorrect": 2.67027027027027
    },
    "HyDE": {
      "setsize_correct": 2.3821548821548824,
      "setsize_incorrect": 2.5716216216216217
    },
    "RAPTOR": {
      "setsize_correct": 2.5622895622895623,
      "setsize_incorrect": 2.7162162162162162
    },
    "RAT": {
      "setsize_correct": 2.5824915824915826,
      "setsize_incorrect": 2.577027027027027
    },
    "REPLUG": {
      "setsize_correct": 2.3417508417508417,
      "setsize_incorrect": 2.1594594594594594
    },
    "Self-RAG": {
      "setsize_correct": 2.6616161616161618,
      "setsize_incorrect": 2.7094594594594597
    },
    "Naive": {
      "setsize_correct": 2.5942760942760943,
      "setsize_incorrect": 2.689189189189189
    },
    "LLM-Only": {
      "setsize_correct": 2.538720538720539,
      "setsize_incorrect": 2.6810810810810812
    }
  },
  "multinewsum_mcqa_0.1": {
    "Fusion": {
      "setsize_correct": 2.7914285714285714,
      "setsize_incorrect": 2.84
    },
    "HyDE": {
      "setsize_correct": 2.722857142857143,
      "setsize_incorrect": 2.743333333333333
    },
    "RAPTOR": {
      "setsize_correct": 2.6,
      "setsize_incorrect": 2.7416666666666667
    },
    "RAT": {
      "setsize_correct": 3.0142857142857142,
      "setsize_incorrect": 3.065
    },
    "REPLUG": {
      "setsize_correct": 3.7142857142857144,
      "setsize_incorrect": 3.7466666666666666
    },
    "Self-RAG": {
      "setsize_correct": 2.611428571428571,
      "setsize_incorrect": 2.691666666666667
    },
    "Naive": {
      "setsize_correct": 2.7114285714285713,
      "setsize_incorrect": 2.796666666666667
    },
    "LLM-Only": {
      "setsize_correct": 3.0085714285714285,
      "setsize_incorrect": 2.895
    }
  },
  "odex_0.1": {
    "Fusion": {
      "setsize_correct": 1.6910994764397906,
      "setsize_incorrect": 2.017857142857143
    },
    "HyDE": {
      "setsize_correct": 1.6335078534031413,
      "setsize_incorrect": 2.0
    },
    "RAPTOR": {
      "setsize_correct": 1.675392670157068,
      "setsize_incorrect": 1.9464285714285714
    },
    "RAT": {
      "setsize_correct": 1.6675392670157068,
      "setsize_incorrect": 1.9107142857142858
    },
    "REPLUG": {
      "setsize_correct": 3.4973821989528795,
      "setsize_incorrect": 3.482142857142857
    },
    "Self-RAG": {
      "setsize_correct": 1.7408376963350785,
      "setsize_incorrect": 1.9464285714285714
    },
    "Naive": {
      "setsize_correct": 1.6649214659685865,
      "setsize_incorrect": 1.8928571428571428
    },