{
  "benchmark": "healthver_mcqa_0.1",
  "llm": "llama_3.1_8b_instruct",
  "per_llm": {
    "llama_3.1_8b_instruct": {
      "Fusion": {
        "accuracy_correct": 0.8249158249158249,
        "accuracy_incorrect": 0.2810810810810811,
        "setsize_correct": 2.595959595959596,
        "setsize_incorrect": 2.67027027027027,
        "setsize_all": 2.6371814092953523
      },
      "HyDE": {
        "accuracy_correct": 0.8282828282828283,
        "accuracy_incorrect": 0.28378378378378377,
        "setsize_correct": 2.3821548821548824,
        "setsize_incorrect": 2.5716216216216217,
        "setsize_all": 2.4872563718140928
      },
      "RAPTOR": {
        "accuracy_correct": 0.8653198653198653,
        "accuracy_incorrect": 0.22702702702702704,
        "setsize_correct": 2.5622895622895623,
        "setsize_incorrect": 2.7162162162162162,
        "setsize_all": 2.6476761619190405
      },
      "RAT": {
        "accuracy_correct": 0.7912457912457912,
        "accuracy_incorrect": 0.25135135135135134,
        "setsize_correct": 2.5824915824915826,
        "setsize_incorrect": 2.577027027027027,
        "setsize_all": 2.5794602698650673
      },
      "REPLUG": {
        "accuracy_correct": 0.8855218855218855,
        "accuracy_incorrect": 0.21351351351351353,
        "setsize_correct": 2.3417508417508417,
        "setsize_incorrect": 2.1594594594594594,
        "setsize_all": 2.2406296851574212
      },
      "Self-RAG": {
        "accuracy_correct": 0.8249158249158249,
        "accuracy_incorrect": 0.2594594594594595,
        "setsize_correct": 2.6616161616161618,
        "setsize_incorrect": 2.7094594594594597,
        "setsize_all": 2.6881559220389803
      },
      "Naive": {
        "accuracy_correct": 0.8754208754208754,
        "accuracy_incorrect": 0.2702702702702703,
        "setsize_correct": 2.5942760942760943,
        "setsize_incorrect": 2.689189189189189,
        "setsize_all": 2.6469265367316344
      },
      "LLM-Only": {
        "setsize_correct": 2.538720538720539,
        "setsize_incorrect": 2.6810810810810812,
        "setsize_all": 2.6176911544227885
      }
    }
  },
  "average": {
    "Fusion": {
      "accuracy_correct": 0.8249158249158249,
      "accuracy_incorrect": 0.2810810810810811,
      "setsize_correct": 2.595959595959596,
      "setsize_incorrect": 2.67027027027027,
      "setsize_all": 2.6371814092953523
    },
    "HyDE": {
      "accuracy_correct": 0.8282828282828283,
      "accuracy_incorrect": 0.28378378378378377,
      "setsize_correct": 2.3821548821548824,
      "setsize_incorrect": 2.5716216216216217,
      "setsize_all": 2.4872563718140928
    },
    "RAPTOR": {
      "accuracy_correct": 0.8653198653198653,
      "accuracy_incorrect": 0.22702702702702704,
      "setsize_correct": 2.5622895622895623,
      "setsize_incorrect": 2.7162162162162162,
      "setsize_all": 2.6476761619190405
    },
    "RAT": {
      "accuracy_correct": 0.7912457912457912,
      "accuracy_incorrect": 0.25135135135135134,
      "setsize_correct": 2.5824915824915826,
      "setsize_incorrect": 2.577027027027027,
      "setsize_all": 2.5794602698650673
    },
    "REPLUG": {
      "accuracy_correct": 0.8855218855218855,
      "accuracy_incorrect": 0.21351351351351353,
      "setsize_correct": 2.3417508417508417,
      "setsize_incorrect": 2.1594594594594594,
      "setsize_all": 2.2406296851574212
    },
    "Self-RAG": {
      "accuracy_correct": 0.8249158249158249,
      "accuracy_incorrect": 0.2594594594594595,
      "setsize_correct": 2.6616161616161618,
      "setsize_incorrect": 2.7094594594594597,
      "setsize_all": 2.6881559220389803
    },
    "Naive": {
      "accuracy_correct": 0.8754208754208754,
      "accuracy_incorrect": 0.2702702702702703,
      "setsize_correct": 2.5942760942760943,
      "setsize_incorrect": 2.689189189189189,
      "setsize_all": 2.6469265367316344
    }
  },
  "llm_only_average": {
    "setsize_correct": 2.538720538720539,
    "setsize_incorrect": 2.6810810810810812
  }
}