{
  "fidrag": {
    "avg_setsize_all": 3.290960451977401,
    "avg_setsize_correct": 3.0773126266036464,
    "avg_setsize_incorrect": 3.3869011522134627,
    "avg_setsize_correct_recomputed": 0.0,
    "avg_setsize_incorrect_recomputed": 0.0,
    "coverage_correct_recomputed": 0.0,
    "coverage_incorrect_recomputed": 0.0,
    "total_samples": 4779,
    "total_correct_samples": 1481,
    "total_incorrect_samples": 3298,
    "num_experiments": 12
  },
  "fusionrag": {
    "avg_setsize_all": 2.4944549068842856,
    "avg_setsize_correct": 2.270856102003643,
    "avg_setsize_incorrect": 2.796214355948869,
    "avg_setsize_correct_recomputed": 1.5162861914268526,
    "avg_setsize_incorrect_recomputed": 3.353581673421928,
    "coverage_correct_recomputed": 0.949253039450817,
    "coverage_incorrect_recomputed": 0.9231938086189353,
    "total_samples": 9558,
    "total_correct_samples": 5490,
    "total_incorrect_samples": 4068,
    "num_experiments": 24
  },
  "hyderag": {
    "avg_setsize_all": 2.508631512868801,
    "avg_setsize_correct": 2.2777777777777777,
    "avg_setsize_incorrect": 2.829954954954955,
    "avg_setsize_correct_recomputed": 1.4493038495932125,
    "avg_setsize_incorrect_recomputed": 3.287060335532908,
    "coverage_correct_recomputed": 0.9469132501688445,
    "coverage_incorrect_recomputed": 0.8957520730376003,
    "total_samples": 9558,
    "total_correct_samples": 5562,
    "total_incorrect_samples": 3996,
    "num_experiments": 24
  },
  "raptorrag": {
    "avg_setsize_all": 2.4476107920684798,
    "avg_setsize_correct": 2.2261815453863467,
    "avg_setsize_incorrect": 2.7505773672055427,
    "avg_setsize_correct_recomputed": 1.4808593582117986,
    "avg_setsize_incorrect_recomputed": 3.30058786253522,
    "coverage_correct_recomputed": 0.9458749731873229,
    "coverage_incorrect_recomputed": 0.922507537387222,
    "total_samples": 9229,
    "total_correct_samples": 5332,
    "total_incorrect_samples": 3897,
    "num_experiments": 23
  },
  "ratrag": {
    "avg_setsize_all": 2.640929064657878,
    "avg_setsize_correct": 2.4389808198570893,
    "avg_setsize_incorrect": 2.8942216981132076,
    "avg_setsize_correct_recomputed": 1.3039718333383679,
    "avg_setsize_incorrect_recomputed": 2.8867158368647567,
    "coverage_correct_recomputed": 0.9786171722142109,
    "coverage_incorrect_recomputed": 0.7513631206591761,
    "total_samples": 9558,
    "total_correct_samples": 5318,
    "total_incorrect_samples": 4240,
    "num_experiments": 24
  },
  "replugrag": {
    "avg_setsize_all": 3.2513601171793263,
    "avg_setsize_correct": 3.0214457108578285,
    "avg_setsize_incorrect": 3.374517994858612,
    "avg_setsize_correct_recomputed": 1.6200351737435348,
    "avg_setsize_incorrect_recomputed": 3.5248272613234635,
    "coverage_correct_recomputed": 0.7971982885176339,
    "coverage_incorrect_recomputed": 0.9280218412268691,
    "total_samples": 9558,
    "total_correct_samples": 3334,
    "total_incorrect_samples": 6224,
    "num_experiments": 24
  },
  "selfrag": {
    "avg_setsize_all": 2.5430529399455954,
    "avg_setsize_correct": 2.345114729829756,
    "avg_setsize_incorrect": 2.8005536831969184,
    "avg_setsize_correct_recomputed": 1.438378310900962,
    "avg_setsize_incorrect_recomputed": 3.2278812238739176,
    "coverage_correct_recomputed": 0.9496304687980911,
    "coverage_incorrect_recomputed": 0.8922530276961497,
    "total_samples": 9558,
    "total_correct_samples": 5404,
    "total_incorrect_samples": 4154,
    "num_experiments": 24
  },
  "simplerag": {
    "avg_setsize_all": 2.4882820673781127,
    "avg_setsize_correct": 2.261226725082147,
    "avg_setsize_incorrect": 2.7931372549019606,
    "avg_setsize_correct_recomputed": 1.4833189825887758,
    "avg_setsize_incorrect_recomputed": 3.3299686220503393,
    "coverage_correct_recomputed": 0.9457405324734857,
    "coverage_incorrect_recomputed": 0.9233822337188587,
    "total_samples": 9558,
    "total_correct_samples": 5478,
    "total_incorrect_samples": 4080,
    "num_experiments": 24
  },
  "simplellm": {
    "avg_setsize_all": 2.7306967984934087,
    "avg_setsize_correct": 2.501665186500888,
    "avg_setsize_incorrect": 2.934804115552038,
    "avg_setsize_correct_recomputed": 1.5698928206630318,
    "avg_setsize_incorrect_recomputed": 3.3144485134591934,
    "coverage_correct_recomputed": 0.9188001609742721,
    "coverage_incorrect_recomputed": 0.9118035985994412,
    "total_samples": 9558,
    "total_correct_samples": 4504,
    "total_incorrect_samples": 5054,
    "num_experiments": 24
  }
}